{
  "id": "4684010",
  "name": "普惠",
  "font_family": "iconfont",
  "css_prefix_text": "icon-",
  "description": "",
  "glyphs": [
    {
      "icon_id": "760525",
      "name": "arrow3",
      "font_class": "3101jiantou3",
      "unicode": "e65c",
      "unicode_decimal": 58972
    },
    {
      "icon_id": "162881",
      "name": "全部订单",
      "font_class": "quanbudingdan",
      "unicode": "e600",
      "unicode_decimal": 58880
    },
    {
      "icon_id": "1041940",
      "name": "ic_appbar_setting",
      "font_class": "setting",
      "unicode": "e608",
      "unicode_decimal": 58888
    },
    {
      "icon_id": "2811146",
      "name": "待收货",
      "font_class": "daishouhuo",
      "unicode": "e640",
      "unicode_decimal": 58944
    },
    {
      "icon_id": "11521279",
      "name": "待评价",
      "font_class": "daipingjia",
      "unicode": "e772",
      "unicode_decimal": 59250
    },
    {
      "icon_id": "13543838",
      "name": "待支付",
      "font_class": "daizhifu",
      "unicode": "e61c",
      "unicode_decimal": 58908
    },
    {
      "icon_id": "14138574",
      "name": "申请售后",
      "font_class": "shenqingshouhou",
      "unicode": "e67a",
      "unicode_decimal": 59002
    },
    {
      "icon_id": "781983",
      "name": "返回頂部_new",
      "font_class": "fanhuidingbunew",
      "unicode": "e624",
      "unicode_decimal": 58916
    },
    {
      "icon_id": "7404519",
      "name": "勾",
      "font_class": "gou1",
      "unicode": "e786",
      "unicode_decimal": 59270
    },
    {
      "icon_id": "4933380",
      "name": "删除",
      "font_class": "shanchu2",
      "unicode": "e74c",
      "unicode_decimal": 59212
    },
    {
      "icon_id": "122704",
      "name": "more",
      "font_class": "more",
      "unicode": "e6a7",
      "unicode_decimal": 59047
    },
    {
      "icon_id": "2076277",
      "name": " 店铺",
      "font_class": "dianpu",
      "unicode": "e895",
      "unicode_decimal": 59541
    },
    {
      "icon_id": "21712539",
      "name": "close",
      "font_class": "close",
      "unicode": "e69b",
      "unicode_decimal": 59035
    },
    {
      "icon_id": "1010131",
      "name": "对号",
      "font_class": "duihao",
      "unicode": "e625",
      "unicode_decimal": 58917
    },
    {
      "icon_id": "689212",
      "name": "表单 页面",
      "font_class": "biaodanyemian",
      "unicode": "e7cc",
      "unicode_decimal": 59340
    },
    {
      "icon_id": "1244097",
      "name": "购物车",
      "font_class": "gouwuche",
      "unicode": "e636",
      "unicode_decimal": 58934
    },
    {
      "icon_id": "12889877",
      "name": "个人中心",
      "font_class": "gerenzhongxin",
      "unicode": "e626",
      "unicode_decimal": 58918
    },
    {
      "icon_id": "17830621",
      "name": "首页",
      "font_class": "shouye",
      "unicode": "e602",
      "unicode_decimal": 58882
    },
    {
      "icon_id": "31313020",
      "name": "商品",
      "font_class": "shangpin",
      "unicode": "e61e",
      "unicode_decimal": 58910
    }
  ]
}
